contract_name,contract_type
nda.pdf,NDA
annex-2-sample-non-disclosure-agreement.pdf,NDA
Basic-Non-Disclosure-Agreement.pdf,NDA
Format_for_Non-Disclosure_Areement.pdf,NDA
Employee+Confidentiality+and+Non-Disclosure+Agreement.pdf,Employment
Template_Employment_Agreement.pdf,Employment
EMPLOYMENT-AGREEMENT.pdf,Employment
COE-Sample.pdf,Employment
Vendor Agreement Template-02.2021_2.pdf,Vendor
vendor_agreement_-_willow_tree_pruning_21.4.22.pdf,Vendor
SampleContract-Shuttle.pdf,Service
exhibit101.pdf,Service
20209161759968.pdf,Service