title,text,category
The Recipient further agrees not to divulge any Confidential,"9. 	
The Recipient further agrees not to divulge any Confidential 
Information or not to do any act or divulge any information of any 
nature whatsoever which shall be prejudicial to the safety or interests 
of ECI/ CEO or the Government of India including but not limited to 
those mentioned herein below: -. 
9.1	
make any sketch, plan, model, or note using the Information 
provided by ECI/ CEO which might be, directly or indirectly, 
useful to any third party;
9.2	
obtain, collect, record or publish or communicate to any other 
person any secret / official code or password, or any sketch, 
plan, model, or note or other document or information which 
might be, directly or indirectly, useful to any third party or 
which relates to a matter of disclosure of which is likely to 
affect the sovereignty, integrity or security of India or friendly 
relations with foreign States using the Information provided by 
ECI/ CEO.",Confidentiality
The Recipient shall take reasonable steps to maintain the security,"12.	
The Recipient shall take reasonable steps to maintain the security 
and confidentiality of the Confidential Information and take 
reasonable steps to cause its conduct to comply with the Agreement, 
as fully as if such persons had executed this Agreement and made 
the same Agreement as to themselves with respect to the Confidential 
Information as is made herein by the Recipient.",Confidentiality
Amendments: The Agreement may be amended at any time by,"21.
Amendments: The Agreement may be amended at any time by 
mutual agreement of the Parties in writing. No amendment, variation 
or modification of this Agreement shall be valid unless it is made in 
writing and signed by an authorized representative of each Party.
	
Severability: If any provision in this Agreement is held by a court or any 
competent authority to be void or unenforceable, then such provision 
shall be deemed to be severed, but the validity and enforceability of 
the remaining provisions shall not be affected, unless enforcement 
of this Agreement without the invalidated provision shall be grossly 
inequitable under all of the circumstances or shall affect the primary 
purposes of this Agreement.",Miscellaneous
Waiver: The non-exercise of or delay in exercising any power or right,"23.
Waiver: The non-exercise of or delay in exercising any power or right 
by ECI/ CEO shall not operate as a waiver of its power or right. A 
waiver by a Party shall be valid only if such waiver of power or right is 
in writing and is signed by a duly authorized officer of such Party.",Miscellaneous
Relationship between the Parties: Each Party is an independent,"24.
Relationship between the Parties: Each Party is an independent 
contractor and not an agent or a partner of, or joint venture with, the
NON DISCLOSURE AGREEMENT
Cyber Security Regulations of the ECI
89 / 92
other Party for any purpose. Neither Party by virtue of this Agreement 
shall have any right, power of authority to act or create any obligation, 
express or implied, on behalf of the other Party. 
Notices",Miscellaneous
Term of Employment,"1. 
 Term of Employment 
The employment of the Employee shall commence from the date hereof and continue for an 
indefinite term until terminated in accordance with the provisions of this agreement.",Termination
Probation,"2.  
Probation 
The parties hereto agree that the initial six (6) month period of this agreement is ""Probationary"" 
in the following respects:  
a. 
 the Employer shall have an opportunity to assess the performance, attitude, skills and other 
employment-related attributes and characteristics of the Employee;  
b.  the Employee shall have an opportunity to learn about both the Employer and the position of 
employment;  
c.  either party may terminate the employment relationship at any time during the initial six 
month period with advance notice of seven days with justifiable reason, in which case there 
will be no continuing obligations of the parties to each other, financial or otherwise.",Termination
Compensation and Benefits,"3.  
Compensation and Benefits 
In consideration of the services to be provided by him hereunder, the Employee, during the term 
of his employment, shall be paid a basic salary of Nu. _______ a month/ week, less applicable 
statutory deductions. In addition, the Employee is entitled to receive benefits in accordance with 
the Employer's standard benefit package, as amended from time to time.",Employment
Duties and Responsibilities,"4.  
Duties and Responsibilities 
The Employee shall be employed in the capacity of __________, the current duties and 
responsibilities of which are set out in Annexure ""A"" annexed hereto and forming part of this 
agreement. These duties and responsibilities may be amended from time to time in the sole 
discretion of the Employer, subject to formal notification of same being provided to the 
Employee.",Employment
Termination of Employment,"5.  
Termination of Employment 
Subsequent to completion of the probationary term of employment referred to in paragraph 2 
herein, the Employer may terminate the employment of the Employee at any time:  
a. for just cause at common law, in which case the Employee is not entitled to any advance 
notice of termination or compensation in lieu of notice;  
b. the Employee and employer may terminate their employment at any time by providing     
atleast seven days notice  for probationer and 1 month advance notice for their intention to 
terminate the contract of employment or payment in lieu thereof.  
The entitlements and termination of services will be governed by the Labour and Employment 
Act, 2007 and its regulations and laws of the land.",Termination
Confidentiality,"6.  
Confidentiality 
The Employee acknowledges that, in the course of performing and fulfilling his duties 
hereunder, he may have access to and be entrusted with confidential information concerning the 
present and contemplated financial status and activities of the Employer, the disclosure of any of 
which confidential information to competitors of the Employer would be highly detrimental to 
the interests of the Employer. The Employee further acknowledges and agrees that the right to 
maintain the confidentiality of such information constitutes a proprietary right which the 
Employer is entitled to protect. Accordingly, the Employee covenants and agrees with the 
Employer that he will not, during the continuance of this agreement, disclose any of such 
confidential information to any person, firm or corporation, nor shall he use same, except as 
required in the normal course of his engagement hereunder, and thereafter he shall not disclose 
or make use of the same.",Confidentiality
Assignment (Transfer of Contract of Employment),"7.  
Assignment (Transfer of Contract of Employment) 
This agreement shall be assigned by the Employer to any successor employer and be binding 
upon the successor employer with the consent of the employee. The Employer shall ensure that 
the successor employer shall continue the provisions of this agreement as if it were the original 
party of the first part. This agreement may not be assigned by the Employee.",Miscellaneous
Severability,"8.  
Severability 
Each paragraph of this agreement shall be and remain separate from and independent of and 
severable from all and any other paragraphs herein except where otherwise indicated by the 
context of the agreement. The decision or declaration that one or more of the paragraphs are null 
and void shall have no effect on the remaining paragraphs of this agreement.",Miscellaneous
Working Conditions,"9. 
Working Conditions 
Sr. Rights 
Provisions 
Remarks 
1 
Working 
Hours 
and 
rest periods 
8 hours a day excluding 
meal breaks 
Minimum of 1.5 times at the rate of daily wage (10 PM to 
8 AM in the following morning). One day rest period after 
six days of work. 
 
2 
Public 
holidays 
Minimum ( ) days  
Excluding other leave entitlements (Casual, annual, 
medical etc.)Both the parties may agree to substitute 
public holiday with another public holiday 
3 
Leave 
Casual   (  ) 
Annual Leave ( ) 
Sick Leave    (    ) 
Maternity leave (   ) 
Paternity Leave  (   ) 
The leave provided must at the minimum be provided as 
prescribed by the Regulations on leave 
4 
Provident 
Fund 
 
Contribution of minimum of (____ %) but must be above 
the minimum ceiling and eligibility shall be governed by 
the regulations on Provident Fund 
5 
Gratuity 
 
Eligible after completion of (  ) years of continuous 
employment. Shall be calculated on the last basic salary 
multiplied by number of years of service.",Employment
Interpretation of Agreement,"11.  
Interpretation of Agreement 
The validity, interpretation, construction and performance of this agreement shall be governed by 
the Labour and Employment Act, 2007 and its Regulations. This agreement shall be interpreted 
with all necessary changes in gender and in number as the context may require and shall ensure 
to the benefit of and be binding upon the respective successors and assigns of the parties hereto.  
IN WITNESS WHEREOF the parties hereto have caused this agreement to be executed  
as of …..day…… month…...year and shall each retain a copy of the agreement in original.  
 
 
 
 
 
(Affix legal stamp)                                                                                       (Affix legal stamp) 
Signed by the employer                                                                           Signed by the employee 
 
 
 
 
 
 
 
 
 
       ID No:…………………. 
at………………………                                                                           at……………………… 
  
 WITNESS  
WITNESS 
Name:…………………..                                                              Name:…………………..                                     
ID No:................................                                                            ID No:.............................. 
Contact No:………………..                                                         Contact No:…………… 
 
 
 
 
 
 
 
 
 
 
 
Annexure A 
The person in this position will be responsible to ……………………………. and undertake the 
following tasks and responsibilities (should be countersigned by both the parties). 
 
a. Job Responsibilities of _______________________ 
i. 
ii. 
iii. 
iv. 
v. 
vi. 
 
 
 
 
 
 
 
 
 
 
 
 
 
 
 
Signature of Employee 
 
 
 
 
 
Signature of Employer",Governing Law
"The Employee agrees not to file any patent applications claiming any information, developments,","4. 
The Employee agrees not to file any patent applications claiming any information, developments, 
discoveries, technologies, inventions and the like arising from the use of Confidential Information or 
that could not have been made, developed or discovered but for access to Confidential Information.",Intellectual Property
PROBATIONARY PERIOD,"2. 
PROBATIONARY PERIOD 
 
The probationary period will be of ___________ and the company will evaluate the new hire’s 
qualifications, skills and ""fit"" within our Company. The given time frame does not constitute an 
obligation on the part of the Company to retain the employee until the end of the probationary 
period. This period involves special orientation activities plus closer and more frequent 
performance evaluations than that given to regular employees. During this time or at any time of 
employment, the Company may terminate the working relationship without cause with advance 
notice, except as prescribed by law.  
At the end of the probationary period, if the employee has not been available to work the full 
probationary period or work performance has not met expectations, the length of the probation 
may be extended by the Company at its sole discretion.  
Upon satisfactory completion of the probationary period, the employee will achieve a regular or 
part time employee status and as such, will be eligible for most of our benefits (exceptions would 
be benefits that have a specific waiting period).  
The employee will now be expected to meet and maintain Company standards for job 
performance and behavior.",Termination
PLACE OF WORK,"3. 
PLACE OF WORK 
3.1  The Employee will be stationed in the Employer’s offices currently located in _________, but the 
Company shall be entitled to transfer the Employee’s services to any of the branches, sister 
concerns, which are presently operating or that which may be set up in future, in India or outside 
India. 
3.2 The Employee may be required to work at premises other than the Company’s premises from 
time to time. 
 
 
 
 
_____________ 
               ___________ 
       ( DIRECTOR) 
                 (Post) 
(Name of the Company) 
         EMPLOYEE",Employment
DUTIES AND POWERS,"4. 
DUTIES AND POWERS 
 
4.1 The Employee shall devote his / her efforts and his / her full business time and attention to the 
performance of such duties and responsibilities as may be assigned to him/her from time to time by the 
Director of the Company and in this regard follow all instructions issued or given by the Director of the 
Company or by a Manager immediately Senior to the Employee or by the Board of Directors of the 
Company. 
4.2  The Employee shall maintain proper dignity of the company’s office and deal the matter with 
sobriety. 
4.3 In performing  his /her duties as_____________of the Company the Employee shall adhere to 
all applicable laws and regulations as well as follow the Company’s policies and instructions. 
4.4  The Employee shall devote his/her best efforts and all of his/her business time to the 
performance of his/her duties under this Employment Agreement and shall perform them 
faithfully, diligently and competently, in a manner consistent with the policies of the Company as 
determined from time to time by the Director of the Company and shall directly report to the 
immediate Head or Senior in hierarchy. The Employee whilst working with the Company shall 
not, except with the prior written consent of the Board of Directors engage in activities outside the 
scope of his/her employment and shall fulfill his/her responsibilities or duties under this 
Employment Agreement. 
4.5 That during the Employment period, the employee without consent of the company in writing 
shall not sign on any documents or commit on behalf of the company without mutual consent. If 
the employee violates the same, then consequently in case if any liability arises then the 
company shall not be responsible for it in any circumstances. 
4.6  As ______________of the Company the Employee shall be responsible for the day-to-day 
management to immediate Head or Senior in hierarchy. 
4.7 That the employee services will be governed by the rules and regulations of the company as in 
force from time to time and also as per certified model. The Employer can modify the Agreement 
or Rules and Regulations from time to time and the modification will be applicable from the same 
day. 
4.8 It is hereby agreed by and between the Company and the Employee hereto that in case any 
claim, dispute or difference arises between the Parties with regard to the terms and conditions of 
this Employment Agreement or relating to the interpretation hereof whether during the 
subsistence of this Employment Agreement or thereafter, the same shall be referred to the sole 
arbitration of a single arbitrator, Mr. __________, in accordance with the provisions of the 
Arbitration and Conciliation Act, 1996 or any statutory modification or re-enactment thereof for 
the time being in force. The arbitration shall be held in Jaipur and the proceedings shall be 
conducted in the Hindi language. The Parties hereby agree that the arbitral award shall be final, 
binding and conclusive on the Parties to this Employment Agreement.",Employment
CONFIDENTIALITY,"6. 
CONFIDENTIALITY 
 
6.1  The Employee shall not, directly or indirectly, either during the term of the Employee’s 
employment under this Employment Agreement or thereafter, disclose to anyone (except in the 
regular course of the Company’s business or as required by law), or use in any manner, any 
information acquired by the Employee during his/her employment by the Company with respect 
to any trade secrets, clients, customers or other confidential information of the Company, its 
subsidiaries and associate companies world wide, their operations or affairs unless such 
information has become public knowledge other than by reason of actions (direct or indirect) of 
the Employee. 
6.2 As long as the Employee is employed, and also thereafter, he/she shall maintain confidential the 
corporate secrets and all other information of a confidential nature pertaining to the Company 
and its operations. The Employee may use such information only during his/her employment by 
the Company and in the interest of the Company. The Employee shall at all times carefully and 
diligently safeguard and promote the Company’s interests. 
6.3 During the course of employment, any such creation, innovation or any such intellectual property 
in the form of software, hardware etc shall be exclusive property of the company as well the 
source code of the company shall remain exclusive property of the company. That the employee 
shall not use the source code of the company directly or indirectly. If the company finds that the 
employee is contravening this term directly or indirectly then the company shall be entitled to 
claim damages under section 73, 74 of the contract act and also entitled to initiate legal 
proceeding against the employee. 
6.4 That during and after the employment period, the employee will not divulge or appropriate to 
his/her own use or to the use of others, in competition with the company, any secret or 
confidential information or knowledge pertaining to the business of the company, or of any of its 
subsidiaries, obtained by the Employee while employed by the company or any of its 
subsidiaries. 
6.5  That the Employee will maintain proper dignity as well as decorum of company’s office. The 
Employee will maintain and keep in his/her safe custody such identity card, documents, files, 
books, mobile, laptop, papers etc issued to the Employee and shall return the same whenever 
required. 
6.6  The agreement shall revive and apply again from time to time post completion of Two-Year 
period. 
6.7 When the Employee’s employment with the Company is terminated, he/she shall return to the 
Company all business documentation, software, notes etc. and copies thereof pertaining to the 
Company and its operations that have been entrusted to him/her or to which he/she has access.",Confidentiality
"TERM OF CONTRACT, TERMINATION OF EMPLOYMENT AND SEVERANCE PAY","8. 
TERM OF CONTRACT, TERMINATION OF EMPLOYMENT AND SEVERANCE PAY 
 
8.1 This Employment Agreement shall continue until terminated by either Party as provided herein 
and supersedes any and all prior oral or written agreements pertaining to the duration, 
compensation and conditions of employment of the Employee. 
8.2 The Employee may lawfully terminate this Employment Agreement by giving to the Employer not 
less than notice in writing and the employee shall not be entitled to get the salary of the notice 
period and on break of bond of two years the employee is liable to pay penalty equal to Rs. 2 
lakhs. Employer can terminate the employee any time with immediate effect without giving any 
Notice Period.  
8.3  In case if the employee leaves the company or terminates his/her employment before 
completion of two years, then he/she is liable to pay penalty equal to Rs. 2 lakhs. Since the 
Employer’s company is a software developing company as well as a reputed Training Academy 
that enjoys tremendous goodwill in the market. Since, a lot of time, energy and effort is devoted 
and invested in grooming young aspiring Employees which is essential in bringing out the best of 
talent in them and nurturing them to make them able, competent and successful professionals. 
8.4 No severance pay, as mentioned above, will be made to the Employee in case the Company has 
terminated the Employee’s employment due to his/her breach of Agreement or if he/she do not 
meet the performance criteria prescribed by the Company. 
8.5  All memoranda, notes, records, or other documents made or composed by the Employee, or 
made available to him/her during the term of this Employment Agreement concerning or in any 
way relating to the business or affairs of the Company, its subsidiaries, divisions, affiliates, or 
clients shall be the Company’s property and shall be delivered to the Company on the 
termination of this Employment Agreement or at any other time at the request of the Company. 
8.6 That if the employee commits any offence punishable under the Indian Law even outside the 
company or with the customer outside the course of employment, the company shall not be 
responsible for it in any circumstances. 
8.7 That during the course of employment, if the employee commits any fraud with the company and 
as a result of which the company suffers huge loss, in case of such an event, the Employer shall 
be entitled to recover the same from the employee’s movable and immovable property by 
instituting legal / court proceedings. 
8.8  If any training is provided to the employee, the company has full rights to recover the expenses 
incurred to train that employee if he/she resigns before completion of 6 months of the training 
tenure.  
8.9 Notwithstanding the above, Employment Agreement can be terminated on the following grounds: 
 
8.9.1 Employee being found guilty of any dishonesty, misconduct, willful neglect of duty 
or other conduct amounting to gross misconduct with fellow colleagues or seniors; 
8.9.2 Employee committing a material breach of the terms and conditions of this 
Employment Agreement; 
8.9.3 Employee being found to be medically unfit or, 
8.9.4 Employee being declared a bankrupt or insolvent or, 
8.9.5 Employee being convicted of any offence involving moral turpitude or defined 
under the Indian Law, 
8.9.6 Misappropriation of the Company’s monies or property by the Employee or; 
8.9.7 Misconduct or insubordination on the part of the Employee, 
 
8.9.8 Infringement of any Company rules and regulations by the Employee. 
The Employee shall be liable to be dismissed or discharged forthwith notwithstanding the rights 
and without giving any notice, which the Company may otherwise have against the Employee in 
case of any loss (grave or remote) caused by the employee during the course of his/her 
employment and the losses will be borne by him/her by way of damages which shall be 
calculated by the management of the company.",Termination
OTHER TERMS OF EMPLOYMENT,"9. 
OTHER TERMS OF EMPLOYMENT 
 
Company has prepared Guidelines for Employees in which Rules and Regulation for an 
employee are defined. These Guidelines will be defining the policies of the company. These 
guidelines will be available to the employees on mail. Guidelines are subject to change as and 
when required. And it will be part & parcel of this Agreement and it will be binding on the 
employees.",Employment
JURISDICTION,"11. 
JURISDICTION 
11.1 This Employment Agreement shall be governed by and construed in accordance with the laws 
of Jaipur (India). 
11.2 In cases if any dispute arises that is of administrative trivial nature, then the same shall be 
referred to the board, thus the decision of the board will be final and binding on the parties. 
 
IN WITNESS WHEREOF the Parties hereto have hereunto set and subscribed their respective hands 
the day and year first hereinabove written. 
 
 
In the Presence of :",Governing Law
Term of Employment.,"4. 
Term of Employment. 
(a) 
Term.  This Agreement shall expire on the first anniversary of the 
Effective Date, unless otherwise extended by the mutual agreement of Executive and the 
Company; provided, that this Agreement shall automatically be renewed for additional 
one (1) year terms and shall automatically be continued effective as of the subsequent 
anniversary date of the Agreement (a “Renewal Date”) unless the Company or Executive 
has delivered written notice of non-renewal to the other party at least sixty (60) days prior 
to the relevant Renewal Date. 
(b) 
Basic Rule.  The Executive’s Employment with the Company shall be “at 
will,” meaning that either the Executive or the Company shall be entitled to terminate the 
Executive’s Employment at any time and for any reason, with or without Cause (in the 
case of the Company) or Constructive Termination (in the case of Executive).  Any 
contrary representations that may have been made to the Executive shall be superseded 
by this Agreement.  This Agreement shall constitute the full and complete agreement 
between the Executive and the Company on the “at will” nature of the Executive’s 
Employment, which may be changed only in an express written agreement signed by the 
Executive and a duly authorized officer of the Company. 
(c) 
Termination.  The Company or the Executive may terminate the 
Executive’s Employment at any time and for any reason (or no reason), and with or 
without Cause (in the case of the Company) or Constructive Termination (in the case of 
Executive), by giving the other party notice in writing.  The Executive’s Employment 
shall terminate automatically in the event of his death. 
(d) 
Rights Upon Termination.  Except as expressly provided in Section 5, 
upon the termination of the Executive’s Employment pursuant to this Section 4, the 
Executive shall be entitled only to the compensation, benefits and reimbursements 
described in Sections 2 and 3 for the period preceding the effective date of the 
termination.",Termination
"Invention,","6. 
Invention, 
Confidential 
Information 
and 
Non-Competition 
Agreement.  The Executive has entered into an Invention, Confidential 
Information and Non-Competition Agreement with the Company, in the form 
attached hereto as Exhibit A, which is incorporated herein by reference.",Intellectual Property
Successors.,"7. 
Successors. 
(a) 
Company’s Successors.  This Agreement shall be binding upon 
any successor (whether direct or indirect and whether by purchase, lease, merger, 
consolidation, liquidation or otherwise) to all or substantially all of the Company’s 
business and/or assets.  For all purposes under this Agreement, the term 
5 
“Company” shall include any successor to the Company’s business and/or assets 
which becomes bound by this Agreement. 
(b) 
Executive’s Successors.  This Agreement and all rights of the Executive 
hereunder shall inure to the benefit of, and be enforceable by, the Executive’s personal or 
legal representatives, executors, administrators, successors, heirs, distributees, devisees 
and legatees.",Miscellaneous
"The term ""CONFIDENTIAL INFORMATION"" shall include any confidential /","2. 
The term ""CONFIDENTIAL INFORMATION"" shall include any confidential / 
proprietary / non-public information relating to the business of the respective parties, including 
but not limited to samples, formulae, manufacturing/development processes, specifications, 
drawings and schematics, however, the ""Confidential Information"" shall mean and include the 
technical and technological information and secrets relating to software, computer system, 
equipment, local area network and wide area network, network infrastructure and equipment, 
network designs/architecture, system passwords, login-ID's and commercial , marketing, 
financial and other information, data, ideas, programs, operations, processes and documents 
relating to the business or technology of (the ""BRPL"") or any of its affiliates which is disclosed 
either prior to or after the date of this Agreement by parties i) to each other ii) either of its 
affiliates or iii) a third party on or behalf of the BRPL or any of its affiliates, to the other party 
(the ""Vendor"") either in oral or written form, or through any other form of communication, and 
which was designated to be confidential and proprietary and shall include this Agreement as well 
as the intention of parties to explore the entering into of a business relationship with each other.",Confidentiality
EXCLUSIONS TO THE CONFIDENTIALITY AGREEMENT:,"4. 
EXCLUSIONS TO THE CONFIDENTIALITY AGREEMENT: 
Notwithstanding anything contained herein, the obligation as to confidentiality herein shall not 
apply to the following, provided the VENDOR can establish the same with a competent proof, 
that: 
a) 
the CONFIDENTIAL INFORMATION was already in the knowledge of the VENDOR, 
before its disclosure by the BRPL; 
b) 
the CONFIDENTIAL INFORMATION, at the time of its disclosure by the BRPL to the 
VENDOR, was in public domain; 
c) 
the CONFIDENTIAL INFORMATION became a part of public domain, after its 
disclosure by the BRPL to the VENDOR, either by publication or otherwise, except through the 
breach of this Agreement. 
d) 
the CONFIDENTIAL INFORMATION was received by the VENDOR from a third party 
who was in possession of the same without violation of the obligation as to confidentiality; 
e) 
the CONFIDENTIAL INFORMATION was independently developed by the VENDOR, 
without the breach of this Agreement; 
f) 
the CONFIDENTIAL INFORMATION was required to be disclosed under the law; 
The Information shall not be deemed to be in the public domain merely by the reason that it is 
known to a few members of the public to whom it might be of commercial interest.  Further, a 
combination of two or more parts of the information shall not be deemed to be in the public 
domain merely by the reason of each separate part thereof being so available in public domain.",Confidentiality
RETURN OF CONFIDENTIAL INFORMATION,"6. 
RETURN OF CONFIDENTIAL INFORMATION 
Immediately upon the decision by the VENDOR to not to continue with any any arrangement/ 
agreement or immediately upon the request of the BRPL, the VENDOR shall promptly return 
and/or procure the return of the CONFIDENTIAL INFORMATION, and all copies (whether or 
not lawfully made or obtained) of the same or any part of thereof, as well as all analysis, 
computations, studies or other documents or information prepared, which is based upon, contains 
or refers to or to any part of, the CONFIDENTIAL INFORMATION, to the BRPL or to any 
party designated by the BRPL in this behalf, or destroy the same as may be advised by the 
BRPL, and shall confirm by way of a written certificate to that effect to the BRPL, and also 
further confirm that the VENDOR has not reproduced or retained any samples, originals or 
copies of any part of the CONFIDENTIAL INFORMATION; except that the VENDOR could 
keep a single copy of the CONFIDENTIAL INFORMATION solely for the purposes of 
determining compliance with obligations as to confidentiality hereunder.",Confidentiality
TENURE OF THE AGREEMENT,"7. 
TENURE OF THE AGREEMENT 
The Agreement shall be valid for a period of __________ years from the date thereof, or till 
parties enter into definitive Agreement of business relationship arising out of the or any earlier 
determination of this Agreement effected by the BRPL by requisitioning the return of the 
CONFIDENTIAL INFORMATION, whichever is earlier.  The Vendor shall continue to be 
liable for any breach of Personal/ Sensitive/ Confidential data given by the BRPL even after the 
termination of main agreement.",Termination
INJUNCTIVE RELIEF AND SPECIFIC PERFORMANCE,"10. 
INJUNCTIVE RELIEF AND SPECIFIC PERFORMANCE 
The VENDOR understands and acknowledges that, due to the unique nature of the 
CONFIDENTIAL INFORMATION of the BRPL, any unauthorised disclosure of any portion 
thereof shall cause irreparable damage / injury to the interest of the BRPL and that monetary 
relief will not be adequate or complete remedy to compensate for such damage/injury. 
Accordingly, the VENDOR hereby acknowledges that the BRPL shall be entitled to injunctive 
relief and / or a remedy of specific performance in the event of any unauthorised disclosure by 
the VENDOR or by any of its said employees or the said associates, in addition to whatever 
remedies it might have in law or in equity.",Indemnity
ENTIRE AGREEMENT,"11. 
ENTIRE AGREEMENT 
This Agreement represents the intentions of the parties hereto, in entirety, on the subject matter 
hereof, and shall supersede anything outside this Agreement relating to the subject matter hereof.",Miscellaneous
SEVERABILITY,"12. 
SEVERABILITY 
If any part of this Agreement becomes or is discovered to be unlawful and / or unenforceable, 
and if the remaining Agreement could be separated from such part, then the remaining 
Agreement shall be deemed to continue in such reduced form. 
Non-assignment - Save as expressly agreed by the parties hereto in writing, no right or obligation 
under this Agreement can be assigned to any other party. 
 
Waiver - No waiver or modification of this Agreement will be binding upon the parties unless 
made in writing and signed by a duly authorised representative of such parties.  Further, failure 
or delay in enforcing any right under this Agreement shall not amount to a waiver of such right. 
 
Modifications - This Agreement may not be modified except in writing, signed by the parties 
hereto, through their duly authorised representatives. 
 
Jurisdiction & Arbitration - This Agreement shall be governed by and construed in accordance 
with the Laws of India   (without reference to the rules relating to the conflict of laws), under the 
jurisdiction of the Courts at Delhi. 
Any dispute or difference with respect to the construction or interpretation of any of the clauses 
hereof, or as to the meaning or effect thereof, which could not be resolved amicably between the 
parties hereto, shall be referred to arbitration.  The arbitration shall be governed by the 
Arbitration and Conciliation Act, 1996, as amended or re-enacted.  Each party hereto shall 
appoint one arbitrator.  Both these arbitrators shall jointly appoint a third arbitrator.  The Venue 
of arbitration shall be Delhi.   The fees of the arbitrators shall be shared equally. 
 
Related Party Acts - 
a. 
Any act or omission which if it were an act or omission of the VENDOR would be a 
breach of this Agreement on its part, be deemed to be such an act or omission for which the 
VENDOR is responsible when done or omitted to be done by a third party, if - 
i) 
such third party is controlled by or controls, the VENDOR, or 
ii) 
both, such third party and the VENDOR, are under the common control of any other 
party 
 
Two originals 
This Agreement shall be executed in three copies, each of which shall constitute an original, and 
both of which together shall constitute one and the same instrument. 
IN WITNESS WHEREOF, the parties hereto have executed this Agreement by their duly 
authorised representatives, as on the date hereof. 
 
For ___________________________________ 
 
 
 
______________________________________ 
(name & title) 
 
Witnesses:",Miscellaneous
Purpose of Disclosure.,"1. 
Purpose of Disclosure. 
 
The purpose of this Agreement is to permit the parties to evaluate whether to enter into a business relationship and 
related projects (the “Purpose”).  In connection with such discussions, Sanmina may disclose Confidential Informa-
tion (defined below) to Recipient.",Confidentiality
Confidential Information Defined.,"2. 
Confidential Information Defined. 
 
“Confidential Information” shall mean and include (i) samples and prototypes, (ii) all information disclosed 
in any form or medium (e.g., written, verbal, electronic, visual) which (a) has been identified by Sanmina as 
“Confidential,”  “Proprietary” or other appropriate legend indicating the confidential nature of the information or (b) 
would reasonably be understood to be confidential. Confidential Information includes, but is not limited to, 
information regarding pricing, customers and prospective customers, vendors and vendor lists, costed bills of materials, 
processes (including but not limited to manufacturing processes), know-how, designs (including but not limited to 
designs of enclosures and printed circuit boards), formulae, computer programs, databases, methods of operation, sales 
techniques, business methods or plans, marketing plans and strategies, finances, management, plant and equipment, and 
any other business information relating to Sanmina, whether constituting a trade secret, proprietary information or 
otherwise, which has value to Sanmina and is treated by Sanmina as being confidential.",Confidentiality
Information That Is Not Confidential.,"3. 
Information That Is Not Confidential. 
 
Information in the following categories shall not be considered Confidential Information under this 
Agreement: (a) information which is in the public domain at the time of the receipt under this Agreement; (b) 
information which comes into the public domain after receipt under this Agreement without a breach of this 
Agreement by the Recipient; (c) information which the Recipient can show was in the Recipient’s possession before 
the date of disclosure under this Agreement; (d) information that the Recipient can show was acquired by the 
Recipient from a third party who was not known by the Recipient to be under an obligation of confidence to 
Sanmina; and (e) information which the Recipient can show was independently developed by the Recipient without 
reference to Sanmina’s Confidential Information.",Confidentiality
Disclosure Period and Termination.,"4. 
Disclosure Period and Termination. 
 
This Agreement controls Confidential Information which is disclosed from the Effective Date until terminated.  
Recipient’s duty of non-disclosure under this Agreement shall extend beyond the term of this Agreement for a period 
of three (3) years from the date of last disclosure. This Agreement may be terminated by either party upon thirty (30) 
days written notice to the other party.  The parties agree that Confidential Information constituting a trade secret shall 
remain subject to the confidentiality obligations of this Agreement for so long as such Confidential Information qualifies 
as a trade secret under applicable law.",Confidentiality
Duty to Protect.,"5. 
Duty to Protect.     
 
Recipient shall protect the disclosed Confidential Information by using the same degree of care, but no less 
than a reasonable degree of care, to prevent the unauthorized use, dissemination or publication of the Confidential 
Information as the Recipient uses to protect its own Confidential Information of a similar nature.  Recipient shall (i) 
 
 
 
 
2 
NDA Rev. 3-14-14 
Form NDA-3 (Supplier) 
limit access to all Confidential Information to its employees who shall reasonably require access to the Confidential 
Information for the purpose set forth above, (ii) shall insure that all such employees have signed a nondisclosure 
agreement in content substantially similar to this Agreement, (iii) shall use the Confidential Information solely in 
connection with the Purpose, and (iv) shall use due diligence to insure that all such persons comply with the 
provisions of this Agreement.  Recipient shall be liable for any breach of this Agreement by its employees or 
representatives.",Confidentiality
Court Orders.,"6. 
Court Orders. 
 
Nothing contained in this Agreement shall restrict Recipient from disclosing Confidential Information that 
is required to be disclosed under any subpoena or court order provided that the Recipient provides Sanmina with 
prompt notice so that Sanmina may, at its expense, seek a protective order or take other appropriate measures.",Confidentiality
Return of Confidential Information.,"8. 
Return of Confidential Information. 
 
Within ten (10) days after any written request by Sanmina, the Recipient shall promptly return all copies of 
the Confidential Information except copies required for backup, disaster recovery, or business continuity and in such 
case the obligations hereunder shall survive until such copies are destroyed.",Confidentiality
Governing Law.,"9. 
Governing Law. 
 
This Agreement shall be governed by and construed in accordance with the laws of the State of California, 
without regard to its conflicts of law principles. The parties agree that the state courts of Santa Clara County, 
California and the federal courts located in the Northern District of the State of California shall have exclusive 
jurisdiction and venue to adjudicate any and all disputes arising out of or in connection with this Agreement. The 
parties consent to the exercise by such courts of personal jurisdiction over them and each party waives any objection 
it might otherwise have to venue, personal jurisdiction, inconvenience of forum, and any similar or related doctrine.",Governing Law
Remedies.,"10. 
Remedies. 
 
Recipient agrees that its obligations hereunder are necessary and reasonable in order to protect Sanmina and 
Sanmina’s business, and expressly agrees that monetary damages will be inadequate to compensate Sanmina for any 
breach by either party of any covenants and agreements set forth herein. Accordingly, Recipient agrees and 
acknowledges that any such violation or threatened violation will cause irreparable injury to Sanmina and that, in 
addition to any other remedies that may be available, in law, in equity or otherwise, Sanmina will be entitled to seek 
injunctive relief against the threatened breach of this Agreement or the continuation of any such breach, without the 
necessity of proving actual damages and without the necessity of posting bond.",Indemnity
Entire Agreement.,"12. 
Entire Agreement. 
 
This document contains the complete and exclusive Agreement between the parties, and it is intended to be 
final expression of their agreement.  No promise, representation, warranty or covenant not included in this document 
has been or is relied upon by any party.  Each party has relied upon its own examination of the warranties, 
representations and covenants expressly contained in the Agreement itself.  No modification or amendment of this 
Agreement shall be of any force unless in writing executed by all parties hereto.",Miscellaneous
Notices.,"13. 
Notices. 
 
Wherever one party is required or permitted or required to give written notice to the other under this 
Agreement, such notice will be given by hand, by certified U.S. mail, return receipt requested, by overnight courier, 
or by fax and addressed to the appropriate officer of such party (with a copy to the Legal Department) at the address 
set forth in the preamble.  All such notices shall be effective upon receipt.  Either party may designate a different 
notice address from time to time upon giving five (5) days’ prior written notice thereof to the other party.",Miscellaneous
Assignment.,"14. 
Assignment. 
 
 
Neither this Agreement nor any rights or obligations hereunder shall be transferred or assigned by either 
party without the written consent of the other party, which consent shall not be unreasonably withheld or delayed.   
 
 
 
Sanmina Corporation 
 
 
 
__________________________________  
 
 
By:______________________________ 
 
By:_______________________________ 
 
Printed Name:______________________ 
 
Printed Name:______________________ 
 
Title:_____________________________ 
 
Title:_____________________________ 
 
 
Date:_____________________________ 
 
Date:_____________________________",Miscellaneous
"Labor (staff name, hours charged, hourly billing rate, current charges and cumulative","1. 
Labor (staff name, hours charged, hourly billing rate, current charges and cumulative 
charges) performed during the billing period by task;",Payment
Itemized expenses incurred during the billing period;,"2. 
Itemized expenses incurred during the billing period;",Payment
Total invoice/payment requested;,"3. 
Total invoice/payment requested;",Payment
Total amount previously paid under this Agreement;,"4. 
Total amount previously paid under this Agreement;",Payment
TERM. This Agreement shall take effect on (DATE); contingent upon prior approval by the,"3. 
TERM. This Agreement shall take effect on (DATE); contingent upon prior approval by the 
COMMISSION governing board, and the CONSULTANT shall commence work after notification to 
proceed by the COMMISSION’S Contract Manager. The Agreement shall end on (DATE), unless earlier 
terminated or extended by contract amendment. The CONSULTANT is advised that this Agreement is not 
binding and enforceable until it is fully executed and approved by the COMMISSION's board.",Termination
EARLY TERMINATION.,"4. 
EARLY TERMINATION.  
A. COMMISSION may terminate this Agreement for its convenience any time, in whole or part, by giving 
CONSULTANT thirty-day (30-day) written notice thereof.  Within thirty days of the COMMISSION's 
receipt of CONSULTANT's final billing, COMMISSION shall pay CONSULTANT its allowable costs 
incurred to date of termination and those allowable costs determined by COMMISSION to be 
reasonably necessary to effect such termination.  Thereafter, CONSULTANT shall have no further 
claims against COMMISSION under this Agreement. 
 
B. COMMISSION may terminate this Agreement for CONSULTANT's default if a federal or state 
proceeding for the relief of debtors is undertaken by or against CONSULTANT, or CONSULTANT's 
 
Page 3 
principal, or if CONSULTANT or CONSULTANT's principal makes an assignment for the benefit of 
creditors, or if CONSULTANT breaches any term(s) or violates any provision(s) of this Agreement and 
does not cure such breach or violation within ten (10) days after written notice thereof by 
COMMISSION.  CONSULTANT shall be liable for any and all reasonable costs incurred by 
COMMISSION as a result of such default, including but not limited to reprocurement costs of the same 
or similar services defaulted by CONSULTANT under this Agreement. 
 
C. CONSULTANT may terminate this Agreement by giving the COMMISSION at least one hundred and 
twenty (120) days advance written notice.  CONSULTANT shall be liable for any and all reasonable 
costs incurred by COMMISSION as a result of such default, including but not limited to reprocurement 
costs of the same or similar services defaulted or not provided by CONSULTANT under this 
Agreement. 
 
5. INDEMNIFICATION FOR DAMAGES, TAXES AND CONTRIBUTIONS. 
CONSULTANT shall exonerate, indemnify, defend, and hold harmless the COMMISSION (which for the 
purpose of this Agreement shall include, without limitation, its officers, agents, employees and volunteers) 
from and against: 
A. Any and all claims, demands, losses, damages, defense costs, or liability of any kind or nature which 
COMMISSION may sustain or incur or which may be imposed upon it for injury to or death of persons, 
or damage to property which arise out of, pertain to, or relate to CONSULTANT’S negligence, 
recklessness, or willful misconduct under the terms of this Agreement. Such indemnification includes 
any damage to the person(s), or property(ies) of CONSULTANT and third persons. 
 
B. Any and all Federal, State and Local taxes, charges, fees, or contributions required to be paid with 
respect to CONSULTANT and CONSULTANT’S officers, employees and agents engaged in the 
performance of this Agreement (including, without limitation, unemployment insurance, social security 
and payroll tax withholding). 
 
6. INSURANCE. CONSULTANT, at its sole cost and expense, for the full term of this Agreement, and any 
extensions thereof, shall obtain and maintain at minimum compliance with all of the following insurance 
coverage(s) and requirements.  Such insurance coverage shall be primary coverage as respects 
COMMISSION and any insurance or self-insurance maintained by COMMISSION shall be excess of 
CONSULTANT’S insurance coverage and shall not contribute to it. 
 
If CONSULTANT utilizes one or more subconsultants in the performance of this Agreement, 
CONSULTANT shall obtain and maintain Independent CONSULTANT’s Insurance as to each subconsultant 
or otherwise provide evidence of insurance coverage from each subconsultant equivalent to that required of 
CONSULTANT in this Agreement. 
 
A. Types of Insurance and Minimum Limits 
 
1) Workers’ Compensation in the minimum statutorily required coverage amounts.  This insurance 
coverage shall not be required if the CONSULTANT has no employees and certifies to this fact by 
initialing here                . 
 
2) Automobile Liability Insurance for each of CONSULTANT’S vehicles used in the performance of 
this Agreement, including owned, non-owned (e.g. owned by CONSULTANT’S employees), leased 
or hired vehicles, in the minimum amount of $1,000,000 combined single limit per occurrence for 
bodily injury and property damage.  This insurance coverage shall not be required if vehicle use by 
the CONSULTANT is not a material part of performance of this Agreement and CONSULTANT and 
COMMISSION both certify to this fact by initialing here           /        . 
 
 
Page 4 
3) Comprehensive or Commercial General Liability Insurance coverage in the minimum amount of one 
million dollars ($1,000,000) combined single limit (CSL), including coverage for: (a) bodily injury, 
(b) personal injury, (c) broad form property damage, (d) contractual liability, and (e) cross-liability. 
 
4) Professional Liability Insurance in the minimum amount of one million dollars ($1,000,000)               
combined single limit, if, and only if, this Subparagraph is initialed by CONSULTANT and 
COMMISSION __   /        . 
 
B. Other Insurance Provisions 
1) If any insurance coverage required in this Agreement is provided on a “Claims Made” rather than 
“Occurrence” form, CONSULTANT agrees to maintain the required coverage for a period of three 
(3) years after the expiration of this Agreement (hereinafter “post agreement coverage”) and any 
extensions thereof.  CONSULTANT may maintain the required post agreement coverage by renewal 
or purchase of prior acts or tail coverage.  This provision is contingent upon post agreement coverage 
being both available and reasonably affordable in relation to the coverage provided during the term of 
this Agreement.  For purposes of interpreting this requirement, a cost not exceeding 100% of the last 
annual policy premium during the term of this Agreement in order to purchase prior acts or tail 
coverage for post agreement coverage shall be deemed to be reasonable. The COMMISSION will not 
be responsible for any premiums or assessments on the policy. 
 
2) All required Automobile and Comprehensive or Commercial General Liability Insurance shall be 
endorsed to contain the following clause: 
 
“Santa Cruz County Regional Transportation Commission, its officials, employees, agents and 
volunteers are added as an additional insured as respects the operations and activities of, or on behalf 
of, the named insured performed under Agreement with the Commission.” 
 
3) All required insurance policies shall be endorsed to contain the following clause: 
“This insurance shall not be canceled until after thirty (30) days prior written notice has been given 
to:  
 
 
Santa Cruz County Regional Transportation Commission 
 
 
 
Attn: Yesenia Parra 
 
 
 
1523 Pacific Avenue 
Santa Cruz, CA 95060 
 
4) CONSULTANT agrees to provide its insurance broker(s) with a full copy of these insurance 
provisions and provide COMMISSION on or before the effective date of this Agreement with 
Certificates of Insurance for all required coverages.  All Certificates of Insurance shall be delivered or 
sent to: 
 
 
 
Santa Cruz County Regional Transportation Commission 
 
 
 
Attn: Yesenia Parra 
 
 
 
1523 Pacific Avenue         
 
 
 
Santa Cruz, CA 95060 
 
 
 
5) The CONSULTANT agrees that the insurance herein provided for, shall be in effect at all times 
during the term of this contract. In the event said insurance coverage expires at any time or times 
during the term of this contract, the CONSULTANT agrees to provide at least thirty (30) days prior 
notice to said expiration date; and a new Certificate of Insurance evidencing insurance coverage as 
provided for herein, for not less than either the remainder of the term of the contract, or for a period 
of not less than one (1) year. New Certificates of Insurance are subject to the approval of the 
COMMISSION.  In the event the CONSULTANT fails to keep in effect at all times insurance 
 
Page 5 
coverage as herein provided, the COMMISSION may, in addition to any other remedies it may have, 
terminate this Agreement  upon occurrence of such event. 
 
6) If any insurance policy of CONSULTANT required by this document includes language 
conditioning the insurer’s legal obligation to defend or indemnify COMMISSION on the 
performance of any act(s) by the named insured, then said insurance policy, by endorsement, 
shall also name the COMMISSION as a named insured. Notwithstanding the foregoing, both 
the CONSULTANT and its insurers agree that by naming the COMMISSION as a named 
insured, the COMMISSION may at its sole direction, but is not obligated to, perform any act 
required by the named insured under said insurance policies. 
 
7) CONSULTANT shall do all things required to be performed by it pursuant to its insurance policies 
including but not limited to paying within five (5) work days, all deductibles and self-insured 
retentions (SIR) required to be paid under any insurance policy that may provide defense or 
indemnity coverage to COMMISSION or any additional insured. 
 
8) CONSULTANT shall cause the foregoing provisions to be inserted in all subcontracts for any work 
covered under this Agreement by a subconsultant compensated more than $50,000 and employing 
more than fifteen (15) employees, provided that the foregoing provisions shall not apply to contracts 
or subcontracts for standard commercial supplies or raw materials. 
 
7. FEDERAL, STATE AND LOCAL LAWS. CONSULTANT warrants that in the performance of this 
Agreement, it shall exercise usual and customary professional care in its efforts to comply with all applicable 
federal, state and local laws, statutes and ordinances and all lawful orders, rules and regulations promulgated 
thereunder.  In the event of a conflict between the laws and lawful regulations of any government entities 
having jurisdiction over the project, the CONSULTANT shall notify COMMISSION of the nature and 
impact of such conflict.  The COMMISSION agrees to cooperate and work with the CONSULTANT in an 
effort to resolve any conflict. 
 
8. EQUAL EMPLOYMENT OPPORTUNITY. During and in relation to the performance of this Agreement, 
CONSULTANT agrees to the following: 
 
The CONSULTANT shall not discriminate or permit discrimination against any employee or applicant for 
employment in any manner prohibited by Federal, State and local laws, including but not limited to race, 
color, gender, religion, national origin, ancestry, physical or mental disability, medical condition, marital 
status, sexual orientation, age (over 18), veteran status, pregnancy, or any other non-merit factor unrelated to 
job duties.  
 
Such action shall include, but not be limited to, the following: recruitment; advertising, layoff or termination; 
rates of pay or other forms of compensation; and selection for training (including apprenticeship), 
employment, upgrading, demotion, or transfer. The CONSULTANT agrees to post in conspicuous places, 
available to employees and applicants for employment, notice setting forth the provisions of this non-
discrimination clause.  
 
CONSULTANT shall comply fully with all federal, State and local laws and regulations which prohibit 
discrimination.  The CONSULTANT’s signature affixed herein, and dated, shall constitute a certification 
under penalty of perjury under the laws of the State of California that the CONSULTANT has, unless 
exempt, complied with, the nondiscrimination program requirements of Government Code Section 12990 and 
Title 2, California Administrative Code, Section 8103.   
 
 
Page 6 
In the event of CONSULTANT’S non-compliance with the non-discrimination clauses of this Agreement or 
with any of the said rules, regulations or orders the COMMISSION may cancel, terminate or suspend the 
Agreement in whole or in part. CONSULTANT may also be declared ineligible for further agreements with 
the COMMISSION. 
 
9. HARASSMENT.  The COMMISSION maintains a strict policy prohibiting unlawful harassment, including 
sexual harassment, in any form, including verbal, physical and visual harassment by any employee, 
supervisor, manager, officer or Board member, or agent of the employer. Vendors, CONSULTANTs, and 
consultants shall not engage in conduct that has an effect of unreasonably interfering with a COMMISSION 
employee's work performance or creates an intimidating, hostile or offensive work environment. 
 
10. LICENSES. If a license of any kind is required of CONSULTANT, its employees, agents, or sub 
CONSULTANTs by Federal or State law, CONSULTANT warrants that such license has been obtained, is 
valid and in good standing, that CONSULTANT shall keep it in effect at all times during the terms of this 
Agreement, and that any applicable bond has been posted in accordance with all applicable laws and 
regulations. 
 
11. INDEPENDENT CONSULTANT STATUS. CONSULTANT and COMMISSION have reviewed and 
considered the principal test and secondary factors herein and agree that CONSULTANT is an independent 
CONSULTANT and not an employee of COMMISSION. CONSULTANT is responsible for all insurance 
(workers compensation, unemployment, etc.) and all payroll related taxes.  CONSULTANT is not entitled to 
any employee benefits.  COMMISSION agrees that CONSULTANT shall have the right to control the 
manner and means of accomplishing the result contracted for herein. 
 
 
PRINCIPAL TEST: The CONSULTANT rather than COMMISSION has the right to control the manner and 
means of accomplishing the result contracted for. 
 
SECONDARY FACTORS: (a) The extent of control which, by agreement, COMMISSION may exercise 
over the details of the work is slight rather than substantial; (b) CONSULTANT is engaged in a distinct 
occupation or business; (c) In the locality, the work to be done by CONSULTANT is usually done by a 
specialist without supervision, rather than under the direction of an employer; (d) The skill required in the 
particular occupation is substantial rather than slight; (e) The CONSULTANT rather than the COMMISSION 
supplies the instrumentalities, tools and work place; (f) The length of time for which CONSULTANT is 
engaged is of limited duration rather than indefinite; (g) The method of payment of CONSULTANT is by the 
job rather than by the time; (h) The work is part of a special or permissive activity, program, or project, rather 
than part of the regular business of COMMISSION; (i) CONSULTANT and COMMISSION believe they are 
creating an independent CONSULTANT relationship rather than an employer-employee relationship; and (j) 
The COMMISSION conducts public business. 
 
It is recognized that it is not necessary that all secondary factors support creation of an independent 
CONSULTANT relationship, but rather that overall there are significant secondary factors which indicate 
that CONSULTANT is an independent CONSULTANT. 
 
By their signatures to this Agreement, each of the undersigned certifies that it is his or her considered 
judgment that the CONSULTANT engaged under this Agreement is in fact an independent CONSULTANT. 
 
12. RETENTION AND AUDIT OF RECORDS. For the purpose of determining compliance with Public 
Contract Code 10115, et seq. and Title 21, California Code of Regulations, Chapter 21, Section 2500 et seq., 
if applicable and other matters connected with the performance of the contract pursuant to Government Code 
8546.7: CONSULTANT, subconsultants, and the COMMISSION shall maintain all books, documents, 
papers, accounting records, and other evidence pertaining to the performance of the contract, including but 
 
Page 7 
not limited to, the costs of administering the Agreement.  All parties shall make such materials available at 
their respective offices at all reasonable times during the Agreement  period and for five (5) years from the 
date of final payment under this Agreement or until a final audit report is accepted by COMMISSION, 
whichever occurs first.  The COMMISSION and any state or federal auditor, or any duly authorized 
representative of the state or federal government shall have access to any books, records, and documents of 
the CONSULTANT that are pertinent to the Agreement  for audit, examinations, excerpts, and transactions, 
and copies thereof shall be furnished if requested.  
 
Subcontracts in excess of $25,000 shall contain this provision. 
 
13. INSPECTION OF WORK 
 The CONSULTANT and any subconsultant shall permit the COMMISSION, the state, and the FHWA if 
federal participating funds are used in this contract, to review and inspect the project activities and files at all 
reasonable times during the term of this Agreement including review and inspection on a daily basis.  
 
14. ACKNOWLEDGMENT. CONSULTANT shall acknowledge in all reports and literature that the material is 
prepared for and on behalf of the COMMISSION. 
 
15. WORK PRODUCTS. All material, data, information, and written, graphic or other work produced under 
this Agreement is subject to the unqualified and unconditional right of the COMMISSION to use, reproduce, 
publish, display, and make derivative use of all such work, or any part of it, free of charge and in any manner 
and for any purpose; and to authorize others to do so.  If any of the work is subject to copyright, trademark, 
service mark, or patent, CONSULTANT now grants to the COMMISSION a perpetual, royalty-free, 
nonexclusive and irrevocable license to use, reproduce, publish, use in the creation of derivative works, and 
display and perform the work, or any part of it, and to grant to any third party a comparable and coextensive 
sublicense. 
  
CONSULTANT shall include in any subcontract with a third party for work under this Agreement terms that 
preserve the rights, interests, and obligations created by this Section, and that identify the COMMISSION as 
a third-party beneficiary of those provisions. 
 
The CONSULTANT shall not utilize the work produced under this Agreement for any profit-making venture, 
or sell or grant rights to a third party for that purpose. 
 
A. Upon completion of all work under this contract, ownership and title to all custom letters, reports, 
documents, plans, specifications, and estimates and other products produced as part of this Agreement 
(herein ""deliverables"") will automatically be vested in the COMMISSION; and no further agreement will 
be necessary to transfer ownership to the COMMISSION.  The CONSULTANT shall furnish the 
COMMISSION all necessary copies of data needed to complete the review and approval process. Copies 
may be made for CONSULTANT's records but shall not be furnished to others without the 
COMMISSION's prior written authorization.  Such deliverables shall be deemed works made for hire and 
all rights in copyright therein shall be retained by COMMISSION. All information derived from these 
deliverables is deemed confidential and may not be disclosed to any other party without the express prior 
written consent of COMMISSION.  No information obtained during audit work performed under this 
Agreement may be used by CONSULTANT for any purpose (internal or external), nor may the 
information be discussed with others without the prior written consent of COMMISSION. 
 
B. Any subcontract in excess of $25,000 entered into as a result of this contract, shall contain all of the 
provisions of this Section. 
 
 
 
Page 8 
16. SAFETY 
A. The CONSULTANT shall comply with OSHA regulations applicable to CONSULTANT regarding 
necessary safety equipment or procedures.  The CONSULTANT shall comply with safety instructions 
issued by the COMMISSION Safety Officer and other COMMISSION representatives. CONSULTANT 
personnel shall wear hard hats and safety vests at all times while working on the Santa Cruz Branch Rail 
Line. 
 
B. Areas within the limits of the project are open to public and private traffic. The CONSULTANT shall 
comply with all of the requirements set forth in Divisions 11, 12, 13, 14, and 15 of the Vehicle Code.  The 
CONSULTANT shall take all reasonably necessary precautions for safe operation of its vehicles and the 
protection of the traveling public from injury and damage from such vehicles. 
 
C. Any subcontract entered into as a result of this contract, shall contain all of the provisions of this Section. 
 
17. MODIFICATION OF AGREEMENT.  
A. This Agreement may be amended or modified only by mutual written agreement of the parties. 
B. The CONSULTANT shall only commence work covered by an amendment after the amendment is 
executed and notification to proceed has been provided by the COMMISSION’s Contract Manager. 
C. There shall be no change in the CONSULTANT’s Project Manager or members of the project team, as 
listed in the approved Fee Schedule, which is a part of this Agreement without prior written approval by 
the COMMISSION’s Contract Manager. 
D. No oral understanding or agreement not incorporated herein shall be binding on the parties. 
 
18. DISPUTES. This Agreement shall be construed under the laws of the State of California.  Pending final 
resolution of a dispute hereunder, CONSULTANT shall proceed diligently with the performance of this 
Agreement and shall comply with COMMISSION’s instructions. 
A. Any dispute, other than audit, concerning a question of fact arising under this Agreement that is not 
disposed of by agreement shall be decided by a committee consisting of the COMMISSION’s Contract 
Manager and Executive Director, who shall consider written or verbal information submitted by the 
CONSULTANT. 
B. Not later than 30 days after completion of all deliverables necessary to complete the plans, specifications 
and estimate, the CONSULTANT may request review by the COMMISSION GOVERNING BOARD of 
unresolved claims or disputes, other than audit. The request for review must be submitted in writing. 
C. Neither the pendency of a dispute, nor its consideration by the committee will excuse the CONSULTANT 
from full and timely performance in accordance with the terms of this contract. 
 
19. AUDIT REVIEW PROCEDURES 
A. Any dispute concerning a question of fact arising under an interim or post-completion audit of this 
Agreement that is not disposed of by agreement, shall be reviewed by the COMMISSION’S Contract 
Manager. 
B. Not later than 30 days after issuance of the final audit report, the CONSULTANT may request a review 
by the COMMISSION’S Executive Director of unresolved audit issues. The request for review will be 
submitted in writing. 
C. Neither the pendency of a dispute nor its consideration by the COMMISSION will excuse the 
CONSULTANT from full and timely performance, in accordance with the terms of this contract. 
 
20. SUBCONTRACTING 
A. The CONSULTANT shall perform the work contemplated with resources available within its own 
organization; and no portion of the work pertinent to this Agreement shall be subcontracted without prior 
written authorization by the COMMISSION’S Contract Manager, except that, which is expressly 
identified in the approved Fee Schedule.  
 
Page 9 
B. Any subcontract in excess of $25,000 entered into as a result of this contract, shall contain all the 
provisions required by this Agreement to be applicable to those subconsultants. 
C. No substitution of subconsultants shall be valid until approved in writing by the COMMISSION’s 
Contract Manager. 
 
21. NONASSIGNMENT. The CONSULTANT shall not assign the Agreement without the prior written consent 
of the COMMISSION. 
 
22. REBATES, KICKBACKS OR OTHER UNLAWFUL CONSIDERATION. The CONSULTANT 
warrants that this Agreement was not obtained or secured through rebates kickbacks or other unlawful 
consideration, either promised or paid to any COMMISSION employee.  For breach or violation of this 
warranty, COMMISSION shall have the right in its discretion to terminate the Agreement without liability; to 
pay only for the value of the work actually performed; or to deduct from the contract price; or otherwise 
recover the full amount of such rebate, kickback or other unlawful consideration. 
 
23. NOTIFICATION. All notices hereunder and communications regarding interpretation of the terms of this 
Agreement and changes thereto, shall be effected by the mailing thereof by registered or certified mail, return 
receipt requested, postage prepaid, and addressed as follows: 
 
CONSULTANT: 
 
 
__________(CONSULTANT)_______________ 
 
 
__________(NAME)________, Project Manager 
 
 
__________(ADDRESS)____________________ 
 
 
 
 
COMMISSION: 
 
 
Santa Cruz County Regional Transportation Commission (SCCRTC)  
 
 
Luis Mendez, Contract Manager 
 
 
1523 Pacific Ave, Santa Cruz, CA 95060 
 
24. COMPLETE AGREEMENT 
A. AGREEMENT: The two parties to this Agreement, who are the before named CONSULTANT and the 
before named COMMISSION, hereby agree that this Agreement constitutes the entire Agreement which 
is made and concluded in duplicate between the two parties. Both of these parties for and in consideration 
of the payments to made, conditions mentioned, and work to be performed; each agree to diligently 
perform in accordance with the terms and conditions of this Agreement as evidenced by the signatures 
below.  
 
B. COMMISSION DESIGNEE: The Executive Director of COMMISSION, or his or her designee, shall 
have the authority to act for and exercise any of the rights of COMMISSION as set forth in this 
Agreement subsequent to, and in accordance with the authorization granted by the COMMISSION.  
 
C. COMPLETE AGREEMENT, INCLUDING ATTACHMENTS. This Agreement includes all exhibits, 
attachments, and documents incorporated herein and made applicable by reference, constitutes the 
complete and exclusive statement of the terms and conditions of the Agreement between COMMISSION 
and CONSULTANT, and supersedes all prior representations, understandings and communications.  The 
invalidity in whole or in part of any term or condition of this Agreement shall not affect the validity of 
other terms or conditions. The COMMISSION’s waiver of CONSULTANT's performance of any term(s) 
or condition(s) of this Agreement shall not be construed as a waiver for any future performance of such 
term(s) or conditions(s 
 
D. Attachments are: 
 
Exhibit A: Scope of Services 
 
Page 10 
 
Exhibit B: Fee Schedule 
 
Each of the undersigned represents and warrants that he or she is duly authorized to execute and deliver this 
Agreement and that such execution is binding upon the entity for which he or she is executing this document. 
 
IN WITNESS WHEREOF, the parties hereto have caused this Agreement No. _______ to be executed on the date 
first written above. 
 
1.  CONSULTANT 
 
 
 
2.  SANTA CRUZ COUNTY REGIONAL 
 
 
 
      
 
 
 
TRANSPORTATION COMMISSION 
 
      
 
 
 
By: _______________________________   
By: 
_____________________________                                                     
       SIGNED 
 
 
 
 
 
              SIGNED   
      _________________________________        
______________________________ 
       PRINTED  
 
 
 
 
              PRINTED 
 
Company Name:  _____________ 
Address:             ______________ 
Telephone:(         ) __________ 
Fax: (         )  __________ 
Email:  ________________________ 
 
3. APPROVED AS TO INSURANCE: 
4. APPROVED AS TO FORM: 
 
 
_________________________   
 
_________________________                                                         
Administrative Services Officer  
      
 COMMISSION Counsel 
 
DISTRIBUTION:        
 
 RTC Fiscal & Contract Manager 
 
CONSULTANT 
 
\\Rtcserv2\shared\CONTRACT\MASTERCO\Template\MasterContracts.doc",Termination
"Duties, Obligations and Powers of the Employee","2. 
Duties, Obligations and Powers of the Employee 
2.1 
The Employee shall fulfil such general duties and responsibilities as are consistent with 
such position and as may reasonably be assigned to him from time to time by the 
Board2. 
2.2 
The Employee shall, during the Term:  
2.2.1 
abide by the rules and regulations of the Company as are in force; 
2.2.2 
subject to clause 2.2.1, do all such acts and deeds which are required to be 
performed in capacity of employee of the Company and abide by all the laws 
as are in force, necessary for carrying out the Business in India and as may be 
reasonably assigned to him by the Board from time to time;  
2.2.3 
keep the Board informed about decisions and actions taken by him on a 
quarterly basis.  
2.2.4 
use all reasonable endeavours to promote the interests of the Company and 
furtherance of the Business of the Company and devote a reasonable period of 
his working time to the best of his ability as is reasonably required for 
discharging the duties and responsibilities as a director of the Company. 
2.2.5 
devote full time, attention and energies to the Business of the Company and 
shall not engage in any other business. 
2.2.6 
at all times while performing services for the Company, devote his reasonable 
best efforts, skill and ability and shall perform his responsibilities as an 
executive of the Company in a competent and professional manner.  
2.2.7 
be primarily responsible (without any limitation) for such operations and 
activities of the Company, details of which are referred under Schedule I to 
this Agreement. 
2.3 
The Employee agrees that he shall not participate in any activity that constitutes an 
actual or has a substantial likelihood of being in conflict of interest with his 
employment with the Company or with the Business of the Company. 
2.4 
The Employee agrees to abide by the rules, regulations, instructions, personnel 
policies and the policies of the Company and any change thereof which may be 
adopted by the Company from time to time. 
2.5 
The Employee shall not, during the Term:  
                                                 
2 Can be replaced by Supervisory Authority 
[NAME OF COMPANY] 
[EMPLOYEE] 
 
 
 
 
 
4 
2.5.1 
do anything contrary to the rules, regulations, instructions, personnel policies 
and the policies of the Company; 
2.5.2 
sign and execute any papers, documents, filings, returns, applications, 
writings, reports on behalf of the Company if it is not in accordance with the 
provisions of the Memorandum of Association, Articles of Association of the 
Company;  
2.5.3 
do anything which may, bring the Company into disrepute or harm its goodwill 
or reputation; 
2.5.4 
carry on or engage in, directly or indirectly, whether through partnership or as 
joint venture partner, collaborator or agent or in any other manner, any 
business that competes with the Business in any manner whatsoever, during 
the continuance of this Agreement except with the prior written approval of 
the Board, and for a period of 1 (one) year from the date of termination of this 
Agreement;  
2.5.5 
disclose to any Person any Confidential Information which may come to his 
knowledge while discharging his duties as an Employee in the Company 
(except where such disclosure is properly authorised by the Board) or use or 
attempt to use any Confidential Information in any manner which is not in the 
proper performance of his services or which may or is likely to injure or cause 
loss directly or indirectly to the Company or its Business;  
2.5.6 
solicit or endeavour to entice away from or discourage from dealing with the 
Company, either directly or indirectly, any Person who is or has at any time 
during the Term, been a vendor, supplier, service provider, contractor, 
customer, client, or employee of the Company during the continuance of this 
Agreement and for a period of 1 (one) year from the date of termination of 
this Agreement.  
2.6 
The Employee further acknowledges that each of the restrictions contained above in 
Clause 2 is separate and is to be construed separately and that he understands the full 
effect of the covenants and restrictions in Clause 2 and considers the same to be 
reasonable in the circumstances and that irreparable harm could be caused to the 
Company and/or the Affiliate by a breach of such covenants and restrictions. The 
Employee further agrees and acknowledges that, if any such restriction is found to be 
void, this shall not affect the validity of any other restriction and if that restriction 
could be rendered valid by alteration and/or deletion of some part thereof then such 
restriction shall apply with such alteration and/or deletion as may be necessary to 
make it valid and effective.",Employment
Remuneration,"3. 
Remuneration 
[NAME OF COMPANY] 
[EMPLOYEE] 
 
 
 
 
 
5 
3.1.1 
In consideration of the Employee agreeing to act as an employee of the Company, 
subject to the provisions of Companies Act, 20133 and the rules made thereunder and 
subject to the provisions of the Memorandum of Association, Articles of Association of 
the Company the Company shall pay to the Employee a consolidated remuneration on 
cost to company basis of Rs. [.] (Rupees [.]) per month with effect from [.] and which 
shall be revised by the Board or any committee created and empowered by the Board 
for the same, from time to time at its discretion.  
3.1.2 
All forms of compensation or benefits paid to the Employee hereunder shall be subject 
to all applicable taxes and the Company may withhold any amounts payable under this 
Agreement and such taxes as shall be required to be withheld pursuant to any 
applicable law or regulation.",Employment
Leave & Holidays,"4. 
Leave & Holidays 
Employee shall be entitled to minimum of 30 paid days of annual leave in addition to 
other holidays, casual leave, etc in accordance with the terms of the human resource 
policy of the Company.",Employment
Intellectual Property,"5. 
Intellectual Property  
If at any time in the course of Employee’s employment under this Agreement makes or 
discovers or participates in the making or discovery of any Intellectual Property, the 
same shall be treated as services for hire. The Employee shall disclose the full details of 
the Intellectual Property in writing to the Company and the Intellectual Property shall be 
the property of the Company who shall own all rights in such Intellectual Property. At 
the request of the Company, Employee shall give and supply all such information, data 
and assistance as may be necessary or in the opinion of the Company desirable to 
enable the Company to exploit the Intellectual Property. Company and Employee shall 
execute all documents including power of attorney and do all things which may, in the 
opinion of Company, be necessary or desirable for obtaining protection for the 
Intellectual Property.",Intellectual Property
Representations and Warranties,"7. 
Representations and Warranties 
7.1 
The Employee represents and warrants to the Company that he is not bound by any 
restrictive covenants, including but not limited to non-competition, non-disclosure and 
non-solicitation covenants, which will have a restriction on his services under this 
Agreement, other than those contained in this Agreement. The Employee agrees to 
indemnify and hold harmless the Company for any liability the Company may incur as 
a result of the existence of any other such covenants, obligations or commitments.",Indemnity
Termination,"8. 
Termination 
8.1 
Subject to Clause 1A, this Agreement may be terminated, either: 
8.1.1 
by the Company, at any time, by giving to the Employee not less than 4 (four) 
weeks prior written notice; or  
8.1.2 
by the Employee at any time, by giving to the Company not less than 12 
(twelve) weeks prior written notice.  
8.2 
The Company may forthwith, without prior notice and without prejudice to its other 
remedies, terminate this Agreement, if the Employee: 
8.2.1 
is deemed to have been disqualified to act as director under section 164 of the 
Companies Act, 20134;  
8.2.2 
absents himself from all the meetings of the Board of Directors held during a 
period of twelve months with or without seeking leave of absence of the 
Board;5  
8.2.3 
negligently or fraudulently commits any other material breach of his 
obligations under this Agreement, Memorandum of Association, Articles of 
Association and the laws as in force; 
8.2.4 
where he is found guilty of moral turpitude, wilful misconduct, commits fraud, 
or any other similar reasons after a due and proper inquiry conducted in the 
regard; 
                                                 
4 If appointed at Director level 
5 If appointed at Director level 
[NAME OF COMPANY] 
[EMPLOYEE] 
 
 
 
 
 
7 
8.2.5 
by his actions or omissions affects the name or reputation of the Company 
into serious disrepute or prejudices the interests of the Business of the 
Company;  
8.3 
The Employee shall, upon termination of this Agreement at any time: 
8.3.1 
not represent himself as being in any way connected with or interested in the 
Business or the Company;  
8.3.2 
return in good condition and order all of the Company’s property in his 
possession, if any which may be in his custody, use, care or charge;  
8.3.3 
resign (without prejudice to any claims which the Employee may have against 
the Company arising out of this Agreement or the termination thereof) from 
all appointments or offices which he holds as nominee or representative of the 
Company, if any; and 
8.3.4 
not retain any copies (including electronic or hard copies) or any other 
property which contains or refers to Confidential Information of the Company. 
8.4 
Termination of Employment for Disability.  Subject to Clause 1A, during the Term, the 
Employee’s employment may be terminated by the Company at any time by giving 
prior written notice of ninety (90) days to the employee or his representatives upon 
failure by the Employee to substantially perform his duties hereunder, as a result of 
physical or mental incapacity (hereinafter referred to as “Disability”), if such Disability 
continues for more than three (3) consecutive months or an aggregate of more than 
four (4) months in any Financial Year (such disability, “Permanent Disability”). 
8.5 
Notwithstanding the termination of this Agreement, Clause 9 (Confidentiality), Clause 
10 (Indemnity), Clause 11.2 (Accrued rights) and Clause 11.3 (regarding dispute 
resolution) of this Agreement shall survive such termination and continue to bind the 
Parties. 
8.6 
Upon the termination of this Agreement, however caused, the Company shall cause to 
file the necessary forms/returns for reporting the resignation of the Employee from 
the Board.",Termination
Confidentiality,"9. 
Confidentiality 
9.1 
The Employee agrees that he shall be privy to Confidential Information from time to 
time in the discharge of his duties, functions and responsibilities as the employee of 
the Company. 
9.2 
The Employee shall not, except in the proper performance of his duties, functions and 
responsibilities as assigned from time to time by the Board or under this Agreement or 
otherwise, either during the Term or at any time after the termination of this 
Agreement (howsoever caused), without the prior written consent of the Board, use 
for his own benefit or for the benefit of any other Person (other than the Company or 
any Affiliate) or, except as required by law, a court or tribunal of competent 
jurisdiction or any applicable regulatory or statutory authority or body, to evidence the 
[NAME OF COMPANY] 
[EMPLOYEE] 
 
 
 
 
 
8 
proper discharge of his duties as an employee/[director] of the Company, directly or 
indirectly divulge or disclose to any Person (other than any Person employed by the 
Company or any Affiliate including, for the avoidance of doubt, any professional or 
other advisor appointed by the Company or any Affiliate), any Confidential 
Information which has come or may come to  his knowledge during his Term or 
previously or otherwise.  
9.3 
All rights, title and interest in and to the Confidential Information shall remain the 
exclusive property of the Company or, where appropriate, any Affiliate, and the 
Employee shall not, during his Term (otherwise than in the proper performance of  his 
duties) or at any time after the date of termination of this Agreement (however 
caused), directly or indirectly, use, divulge, export, publish or communicate to any 
person, firm, company or other organisation any Confidential Information for any 
purpose whatsoever and shall use  his best endeavours to prevent its unauthorised 
publication, use or disclosure. This obligation shall be in addition to and not in 
derogation or substitution of any express or implied duty of confidentiality owed by 
the Employee to the Company or any Affiliate. 
9.4 
This Clause shall survive termination to the extent of any Confidential Information 
which has not been made public or has not been sought by any competent court or 
government authority.",Confidentiality
Indemnity,"10. 
Indemnity 
10.1 
The Employee represents and warrants to the Company that he is not bound by any 
restrictive covenants, including but not limited to non-competition, non-disclosure and 
non-solicitation covenants, which will have a restriction on his services under this 
Agreement, other than those contained in this Agreement. The Employee agrees to 
indemnify and hold harmless the Company for any liability the Company may incur as 
a result of the existence of any other such covenants, obligations or commitments.  
10.2 
The indemnity contained in this Clause shall be governed exclusively by and construed 
according to the laws of India and the courts in Kolkata shall have exclusive jurisdiction 
for all proceedings arising out this indemnity.",Indemnity
Term; Termination. (a) The term of this Agreement shall commence upon,"2. 
Term; Termination. (a) The term of this Agreement shall commence upon 
the date hereinabove written and shall expire upon the date enumerated in 
2 
Updated 12/9/2020 
 
 
Exhibit A, delivery of the product or completion of performance of services 
hereunder by VENDOR, whichever date shall first occur. 
(b) Notwithstanding the provisions of (a) above, either party may terminate 
this Agreement without cause by giving written notice not less than thirty 
(30) days prior to the effective date of termination, which date shall be 
included in said notice. CITY shall compensate VENDOR for any product 
delivered and/or for services rendered, and reimburse VENDOR for costs 
and expenses incurred, to the date of termination, calculated in 
accordance with the provisions of paragraph 3. In ascertaining the 
services actually rendered to the date of termination, consideration shall 
be given both to completed work and work in process of completion. 
Nothing herein contained shall be deemed a limitation upon the right of 
CITY to terminate this Agreement for cause, or otherwise to exercise such 
rights or pursue such remedies as may accrue to CITY hereunder.",Termination
"Indemnity. To the fullest extent allowed by law, VENDOR hereby agrees","10. 
Indemnity. To the fullest extent allowed by law, VENDOR hereby agrees 
to defend, indemnify, and save harmless CITY and Estero Municipal 
Improvement District, its Council, boards, commissions, officers, 
employees and agents, from and against any and all claims, suits, actions 
liability, loss, damage, expense, cost (including, without limitation, costs 
and fees of litigation) of every nature, kind or description, which may be 
brought against, or suffered or sustained by, CITY or Estero Municipal 
Improvement District, its Council, boards, commissions, officers, 
employees or agents caused by, or alleged to have been caused by, the 
negligence, intentional tortuous act or omission, or willful misconduct of 
VENDOR, its officers, employees, subcontractors or agents in the 
performance of any services or work pursuant to this Agreement. 
4 
 
 
 
 
The duty of VENDOR to indemnify and save harmless, as set forth herein, 
shall include the duty to defend as set forth in Section 2778 of the 
California Civil Code; provided, however, that nothing herein contained 
shall be construed to require VENDOR to indemnify CITY and Estero 
Municipal Improvement District, its Council, boards, commissions, officers, 
employees and agents against any responsibility or liability in 
contravention of Section 2782 of the California Civil Code. 
 
VENDOR’s responsibility for such defense and indemnity obligations shall 
survive the termination or completion of this Agreement for the full period 
of time allowed by law. 
 
The defense and indemnification obligations of this agreement are 
undertaken in addition to, and shall not in any way be limited by, the 
insurance obligations contained within this Agreement.",Indemnity
"Insurance. VENDOR shall acquire and maintain Workers’ Compensation,","11. 
Insurance. VENDOR shall acquire and maintain Workers’ Compensation, 
employer’s liability, commercial general liability, owned and non-owned 
and hired automobile liability insurance coverage relating to VENDOR’s 
services to be performed hereunder covering CITY’s risks in form subject 
to the approval of the City Attorney and/or CITY’s Risk Manager. The 
minimum amounts of coverage corresponding to the aforesaid categories 
of insurance per insurable event shall be as follows: 
 
Insurance Category  
 
Minimum Limits 
 
Workers’ Compensation 
statutory minimum 
 
Employer’s Liability 
$1,000,000 
per 
accident 
for 
bodily injury or disease 
 
Commercial General 
$1,000,000 per occurrence and  
Liability 
$2,000,000 aggregate for bodily 
injury, 
personal 
injury 
and 
property damage 
 
Automobile Liability 
$1,000,000 
per 
accident 
for 
bodily 
injury 
and 
property 
damage (coverage required to 
the extent applicable to  
VENDOR’s vehicle usage in  
performing services hereunder) 
 
It shall be a requirement under this Agreement that any available 
insurance proceeds broader than or in excess of the specified minimum 
5 
 
 
 
insurance coverage requirements and/or limits shall be available to the 
CITY as an Additional Insured.  Furthermore, the requirements for 
coverage and limits shall be the greater of either (1) the minimum 
coverage and limits specified in this Agreement or (2) the broader 
coverage and maximum limits of coverage of any insurance policy or 
proceeds available to the named Insured.  
 
VENDOR agrees to include with all subcontractors in their subcontracts 
the same requirements and provisions of this agreement including the 
indemnity and insurance requirements to the extent they apply to the 
scope of the subcontractor’s work.  Subcontractors hired by VENDOR 
shall agree to be bound to VENDOR and CITY in the same manner and to 
the same extent as VENDOR is bound to CITY under this Agreement and 
its accompanying documents.  Subcontractors shall further agree to 
include these same provisions with any sub-subcontractors.  A copy of the 
indemnity and insurance provisions of this Agreement will be furnished to 
the Subcontractor upon request.  VENDOR shall require all subcontractors 
to provide a valid certificate of insurance and the required endorsements 
included in the subcontract agreement and will provide proof of 
compliance to the CITY prior to commencement of any work by the 
subcontractor. 
 
Concurrently with the execution of this Agreement, VENDOR shall, on the 
Insurance Coverage form provided in Exhibit D, or equivalent, furnish 
CITY with certificates and copies of all declaration and endorsement 
pages for the insurance policy or policies required hereunder.  With 
respect to commercial general liability and automobile liability insurance 
coverage, VENDOR must obtain and provide the following original 
endorsements: 
 
(a) 
Precluding cancellation or reduction in per occurrence limits before 
the expiration of thirty (30) days (10 days for nonpayment) after 
CITY shall have received written notification of cancellation in 
coverage or reduction in per occurrence limits by first class mail; 
 
(b) 
Naming the CITY and Estero Municipal Improvement District, its 
Council, officers, boards, commissions, employees, and agents, as 
additional insureds; and  
 
(c) 
Providing the additional insured coverage under VENDOR’s 
insurance policy shall be primary and non-contributory insurance 
with respect to CITY and Estero Municipal Improvement District, its 
Council, officers, boards, commissions, employees, and agents, 
and any insurance or self-insurance maintained by CITY for itself, 
its Council, officers, boards, commissions, employees, or agents 
shall be in excess of VENDOR’s insurance and not contributory 
6 
 
 
 
with it.  VENDOR and its insurer may not seek contribution from 
CITY’s insurance or self-insurance. 
 
The limits of insurance required in this agreement may be satisfied by a 
combination of primary and umbrella or excess insurance.  Any umbrella 
or excess insurance shall contain or be endorsed to contain a provision 
that such coverage shall also apply on a primary and non-contributory 
basis for the benefit of CITY, to the extent required by this Agreement, 
before the CITY’s insurance or self-insurance may be called upon to 
protect CITY as a named Insured. 
 
All self-insured retentions (SIR) must be disclosed to CITY for approval 
and shall not reduce the limits of liability coverage.  Policies containing 
and SIR provision shall provide or be endorsed to provide that the SIR 
may be satisfied by either the named VENDOR/Named Insured or CITY.   
 
CITY reserves the right to obtain a full certified copy of any insurance 
policy and endorsements.  Failure to exercise this right shall not constitute 
a waiver of right to exercise later. 
 
Any and all Subcontractors shall agree to be bound to VENDOR and CITY 
in the same manner and to the same extent as VENDOR is bound to CITY 
under this Agreement.  Subcontractors shall further agree to include the 
same requirements and provisions of this Agreement, including the 
indemnity and insurance requirements, in any agreement with sub-
subcontractors to the extent that they apply to the scope of the sub-
subcontractor’s work.  A copy of the indemnity and insurance provisions of 
this Agreement shall be furnished to any subcontractor upon request. 
 
VENDOR shall maintain insurance as required by this Agreement to the 
fullest amount allowed by law and shall maintain insurance for a minimum 
of five (5) years following completion of this project or service.  In the 
event VENDOR fails to obtain or maintain completed operations coverage 
as required by this Agreement, the CITY at its sole discretion may 
purchase the coverage required and the cost will be paid by VENDOR.",Indemnity
